{
    "0.1.0": {
        "bugs": [
            "ExpExponentCleanup", 
            "ZeroFunctionSelector", 
            "ECRecoverMalformedInput", 
            "SkipEmptyStringLiteral", 
            "ConstantOptimizerSubtraction", 
            "IdentityPrecompileReturnIgnored", 
            "OptimizerStaleKnowledgeAboutSHA3", 
            "SendFailsForZeroEther", 
            "DynamicAllocationInfiniteLoop", 
            "OptimizerClearStateOnCodePathJoin", 
            "CleanBytesHigherOrderBits", 
            "ArrayAccessCleanHigherOrderBits", 
            "AncientCompiler"
        ], 
        "released": "2015-07-10"
    }, 
    "0.1.1": {
        "bugs": [
            "ExpExponentCleanup", 
            "ZeroFunctionSelector", 
            "ECRecoverMalformedInput", 
            "SkipEmptyStringLiteral", 
            "ConstantOptimizerSubtraction", 
            "IdentityPrecompileReturnIgnored", 
            "OptimizerStaleKnowledgeAboutSHA3", 
            "SendFailsForZeroEther", 
            "DynamicAllocationInfiniteLoop", 
            "OptimizerClearStateOnCodePathJoin", 
            "CleanBytesHigherOrderBits", 
            "ArrayAccessCleanHigherOrderBits", 
            "AncientCompiler"
        ], 
        "released": "2015-08-04"
    }, 
    "0.1.2": {
        "bugs": [
            "ExpExponentCleanup", 
            "ZeroFunctionSelector", 
            "ECRecoverMalformedInput", 
            "SkipEmptyStringLiteral", 
            "ConstantOptimizerSubtraction", 
            "IdentityPrecompileReturnIgnored", 
            "OptimizerStaleKnowledgeAboutSHA3", 
            "SendFailsForZeroEther", 
            "DynamicAllocationInfiniteLoop", 
            "OptimizerClearStateOnCodePathJoin", 
            "CleanBytesHigherOrderBits", 
            "ArrayAccessCleanHigherOrderBits", 
            "AncientCompiler"
        ], 
        "released": "2015-08-20"
    }, 
    "0.1.3": {
        "bugs": [
            "ExpExponentCleanup", 
            "ZeroFunctionSelector", 
            "ECRecoverMalformedInput", 
            "SkipEmptyStringLiteral", 
            "ConstantOptimizerSubtraction", 
            "IdentityPrecompileReturnIgnored", 
            "OptimizerStaleKnowledgeAboutSHA3", 
            "SendFailsForZeroEther", 
            "DynamicAllocationInfiniteLoop", 
            "OptimizerClearStateOnCodePathJoin", 
            "CleanBytesHigherOrderBits", 
            "ArrayAccessCleanHigherOrderBits", 
            "AncientCompiler"
        ], 
        "released": "2015-09-25"
    }, 
    "0.1.4": {
        "bugs": [
            "ExpExponentCleanup", 
            "NestedArrayFunctionCallDecoder", 
            "ZeroFunctionSelector", 
            "ECRecoverMalformedInput", 
            "SkipEmptyStringLiteral", 
            "ConstantOptimizerSubtraction", 
            "IdentityPrecompileReturnIgnored", 
            "OptimizerStaleKnowledgeAboutSHA3", 
            "SendFailsForZeroEther", 
            "DynamicAllocationInfiniteLoop", 
            "OptimizerClearStateOnCodePathJoin", 
            "CleanBytesHigherOrderBits", 
            "ArrayAccessCleanHigherOrderBits", 
            "AncientCompiler"
        ], 
        "released": "2015-09-30"
    }, 
    "0.1.5": {
        "bugs": [
            "ExpExponentCleanup", 
            "NestedArrayFunctionCallDecoder", 
            "ZeroFunctionSelector", 
            "ECRecoverMalformedInput", 
            "SkipEmptyStringLiteral", 
            "ConstantOptimizerSubtraction", 
            "IdentityPrecompileReturnIgnored", 
            "OptimizerStaleKnowledgeAboutSHA3", 
            "SendFailsForZeroEther", 
            "DynamicAllocationInfiniteLoop", 
            "OptimizerClearStateOnCodePathJoin", 
            "CleanBytesHigherOrderBits", 
            "ArrayAccessCleanHigherOrderBits", 
            "AncientCompiler"
        ], 
        "released": "2015-10-07"
    }, 
    "0.1.6": {
        "bugs": [
            "ExpExponentCleanup", 
            "NestedArrayFunctionCallDecoder", 
            "ZeroFunctionSelector", 
            "ECRecoverMalformedInput", 
            "SkipEmptyStringLiteral", 
            "ConstantOptimizerSubtraction", 
            "IdentityPrecompileReturnIgnored", 
            "HighOrderByteCleanStorage", 
            "OptimizerStaleKnowledgeAboutSHA3", 
            "SendFailsForZeroEther", 
            "DynamicAllocationInfiniteLoop", 
            "OptimizerClearStateOnCodePathJoin", 
            "CleanBytesHigherOrderBits", 
            "ArrayAccessCleanHigherOrderBits", 
            "AncientCompiler"
        ], 
        "released": "2015-10-16"
    }, 
    "0.1.7": {
        "bugs": [
            "ExpExponentCleanup", 
            "NestedArrayFunctionCallDecoder", 
            "ZeroFunctionSelector", 
            "ECRecoverMalformedInput", 
            "SkipEmptyStringLiteral", 
            "ConstantOptimizerSubtraction", 
            "IdentityPrecompileReturnIgnored", 
            "HighOrderByteCleanStorage", 
            "OptimizerStaleKnowledgeAboutSHA3", 
            "SendFailsForZeroEther", 
            "DynamicAllocationInfiniteLoop", 
            "OptimizerClearStateOnCodePathJoin", 
            "CleanBytesHigherOrderBits", 
            "ArrayAccessCleanHigherOrderBits", 
            "AncientCompiler"
        ], 
        "released": "2015-11-17"
    }, 
    "0.2.0": {
        "bugs": [
            "ExpExponentCleanup", 
            "NestedArrayFunctionCallDecoder", 
            "ZeroFunctionSelector", 
            "ECRecoverMalformedInput", 
            "SkipEmptyStringLiteral", 
            "ConstantOptimizerSubtraction", 
            "IdentityPrecompileReturnIgnored", 
            "HighOrderByteCleanStorage", 
            "OptimizerStaleKnowledgeAboutSHA3", 
            "SendFailsForZeroEther", 
            "DynamicAllocationInfiniteLoop", 
            "OptimizerClearStateOnCodePathJoin", 
            "CleanBytesHigherOrderBits", 
            "ArrayAccessCleanHigherOrderBits", 
            "AncientCompiler"
        ], 
        "released": "2015-12-02"
    }, 
    "0.2.1": {
        "bugs": [
            "ExpExponentCleanup", 
            "NestedArrayFunctionCallDecoder", 
            "ZeroFunctionSelector", 
            "ECRecoverMalformedInput", 
            "SkipEmptyStringLiteral", 
            "ConstantOptimizerSubtraction", 
            "IdentityPrecompileReturnIgnored", 
            "HighOrderByteCleanStorage", 
            "OptimizerStaleKnowledgeAboutSHA3", 
            "SendFailsForZeroEther", 
            "DynamicAllocationInfiniteLoop", 
            "OptimizerClearStateOnCodePathJoin", 
            "CleanBytesHigherOrderBits", 
            "ArrayAccessCleanHigherOrderBits", 
            "AncientCompiler"
        ], 
        "released": "2016-01-30"
    }, 
    "0.2.2": {
        "bugs": [
            "ExpExponentCleanup", 
            "NestedArrayFunctionCallDecoder", 
            "ZeroFunctionSelector", 
            "ECRecoverMalformedInput", 
            "SkipEmptyStringLiteral", 
            "ConstantOptimizerSubtraction", 
            "IdentityPrecompileReturnIgnored", 
            "HighOrderByteCleanStorage", 
            "OptimizerStaleKnowledgeAboutSHA3", 
            "SendFailsForZeroEther", 
            "DynamicAllocationInfiniteLoop", 
            "OptimizerClearStateOnCodePathJoin", 
            "CleanBytesHigherOrderBits", 
            "ArrayAccessCleanHigherOrderBits", 
            "AncientCompiler"
        ], 
        "released": "2016-02-17"
    }, 
    "0.3.0": {
        "bugs": [
            "ExpExponentCleanup", 
            "NestedArrayFunctionCallDecoder", 
            "ZeroFunctionSelector", 
            "DelegateCallReturnValue", 
            "ECRecoverMalformedInput", 
            "SkipEmptyStringLiteral", 
            "ConstantOptimizerSubtraction", 
            "IdentityPrecompileReturnIgnored", 
            "HighOrderByteCleanStorage", 
            "OptimizerStaleKnowledgeAboutSHA3", 
            "SendFailsForZeroEther", 
            "DynamicAllocationInfiniteLoop", 
            "OptimizerClearStateOnCodePathJoin", 
            "CleanBytesHigherOrderBits", 
            "ArrayAccessCleanHigherOrderBits"
        ], 
        "released": "2016-03-11"
    }, 
    "0.3.1": {
        "bugs": [
            "ExpExponentCleanup", 
            "NestedArrayFunctionCallDecoder", 
            "ZeroFunctionSelector", 
            "DelegateCallReturnValue", 
            "ECRecoverMalformedInput", 
            "SkipEmptyStringLiteral", 
            "ConstantOptimizerSubtraction", 
            "IdentityPrecompileReturnIgnored", 
            "HighOrderByteCleanStorage", 
            "OptimizerStaleKnowledgeAboutSHA3", 
            "SendFailsForZeroEther", 
            "DynamicAllocationInfiniteLoop", 
            "OptimizerClearStateOnCodePathJoin", 
            "CleanBytesHigherOrderBits"
        ], 
        "released": "2016-03-31"
    }, 
    "0.3.2": {
        "bugs": [
            "ExpExponentCleanup", 
            "NestedArrayFunctionCallDecoder", 
            "ZeroFunctionSelector", 
            "DelegateCallReturnValue", 
            "ECRecoverMalformedInput", 
            "SkipEmptyStringLiteral", 
            "ConstantOptimizerSubtraction", 
            "IdentityPrecompileReturnIgnored", 
            "HighOrderByteCleanStorage", 
            "OptimizerStaleKnowledgeAboutSHA3", 
            "SendFailsForZeroEther", 
            "DynamicAllocationInfiniteLoop", 
            "OptimizerClearStateOnCodePathJoin", 
            "CleanBytesHigherOrderBits"
        ], 
        "released": "2016-04-18"
    }, 
    "0.3.3": {
        "bugs": [
            "ExpExponentCleanup", 
            "NestedArrayFunctionCallDecoder", 
            "ZeroFunctionSelector", 
            "DelegateCallReturnValue", 
            "ECRecoverMalformedInput", 
            "SkipEmptyStringLiteral", 
            "ConstantOptimizerSubtraction", 
            "IdentityPrecompileReturnIgnored", 
            "HighOrderByteCleanStorage", 
            "OptimizerStaleKnowledgeAboutSHA3", 
            "SendFailsForZeroEther", 
            "DynamicAllocationInfiniteLoop", 
            "OptimizerClearStateOnCodePathJoin"
        ], 
        "released": "2016-05-27"
    }, 
    "0.3.4": {
        "bugs": [
            "ExpExponentCleanup", 
            "NestedArrayFunctionCallDecoder", 
            "ZeroFunctionSelector", 
            "DelegateCallReturnValue", 
            "ECRecoverMalformedInput", 
            "SkipEmptyStringLiteral", 
            "ConstantOptimizerSubtraction", 
            "IdentityPrecompileReturnIgnored", 
            "HighOrderByteCleanStorage", 
            "OptimizerStaleKnowledgeAboutSHA3", 
            "SendFailsForZeroEther", 
            "DynamicAllocationInfiniteLoop", 
            "OptimizerClearStateOnCodePathJoin"
        ], 
        "released": "2016-05-31"
    }, 
    "0.3.5": {
        "bugs": [
            "ExpExponentCleanup", 
            "NestedArrayFunctionCallDecoder", 
            "ZeroFunctionSelector", 
            "DelegateCallReturnValue", 
            "ECRecoverMalformedInput", 
            "SkipEmptyStringLiteral", 
            "ConstantOptimizerSubtraction", 
            "IdentityPrecompileReturnIgnored", 
            "HighOrderByteCleanStorage", 
            "OptimizerStaleKnowledgeAboutSHA3", 
            "SendFailsForZeroEther", 
            "DynamicAllocationInfiniteLoop", 
            "OptimizerClearStateOnCodePathJoin"
        ], 
        "released": "2016-06-10"
    }, 
    "0.3.6": {
        "bugs": [
            "ExpExponentCleanup", 
            "NestedArrayFunctionCallDecoder", 
            "ZeroFunctionSelector", 
            "DelegateCallReturnValue", 
            "ECRecoverMalformedInput", 
            "SkipEmptyStringLiteral", 
            "ConstantOptimizerSubtraction", 
            "IdentityPrecompileReturnIgnored", 
            "HighOrderByteCleanStorage", 
            "OptimizerStaleKnowledgeAboutSHA3", 
            "SendFailsForZeroEther"
        ], 
        "released": "2016-08-10"
    }, 
    "0.4.0": {
        "bugs": [
            "ExpExponentCleanup", 
            "NestedArrayFunctionCallDecoder", 
            "ZeroFunctionSelector", 
            "DelegateCallReturnValue", 
            "ECRecoverMalformedInput", 
            "SkipEmptyStringLiteral", 
            "ConstantOptimizerSubtraction", 
            "IdentityPrecompileReturnIgnored", 
            "HighOrderByteCleanStorage", 
            "OptimizerStaleKnowledgeAboutSHA3", 
            "LibrariesNotCallableFromPayableFunctions"
        ], 
        "released": "2016-09-08"
    }, 
    "0.4.1": {
        "bugs": [
            "ExpExponentCleanup", 
            "NestedArrayFunctionCallDecoder", 
            "ZeroFunctionSelector", 
            "DelegateCallReturnValue", 
            "ECRecoverMalformedInput", 
            "SkipEmptyStringLiteral", 
            "ConstantOptimizerSubtraction", 
            "IdentityPrecompileReturnIgnored", 
            "HighOrderByteCleanStorage", 
            "OptimizerStaleKnowledgeAboutSHA3", 
            "LibrariesNotCallableFromPayableFunctions"
        ], 
        "released": "2016-09-09"
    }, 
    "0.4.10": {
        "bugs": [
            "ExpExponentCleanup", 
            "NestedArrayFunctionCallDecoder", 
            "ZeroFunctionSelector", 
            "DelegateCallReturnValue", 
            "ECRecoverMalformedInput", 
            "SkipEmptyStringLiteral", 
            "ConstantOptimizerSubtraction"
        ], 
        "released": "2017-03-15"
    }, 
    "0.4.11": {
        "bugs": [
            "ExpExponentCleanup", 
            "PublicLibFunctionsDoNotReturnNestedArrays", 
            "NestedArrayFunctionCallDecoder", 
            "ZeroFunctionSelector", 
            "DelegateCallReturnValue", 
            "ECRecoverMalformedInput", 
            "SkipEmptyStringLiteral"
        ], 
        "released": "2017-05-03"
    }, 
    "0.4.12": {
        "bugs": [
            "ExpExponentCleanup", 
            "PublicLibFunctionsDoNotReturnNestedArrays", 
            "NestedArrayFunctionCallDecoder", 
            "ZeroFunctionSelector", 
            "DelegateCallReturnValue", 
            "ECRecoverMalformedInput"
        ], 
        "released": "2017-07-03"
    }, 
    "0.4.13": {
        "bugs": [
            "ExpExponentCleanup", 
            "PublicLibFunctionsDoNotReturnNestedArrays", 
            "NestedArrayFunctionCallDecoder", 
            "ZeroFunctionSelector", 
            "DelegateCallReturnValue", 
            "ECRecoverMalformedInput"
        ], 
        "released": "2017-07-06"
    }, 
    "0.4.14": {
        "bugs": [
            "ExpExponentCleanup", 
            "PublicLibFunctionsDoNotReturnNestedArrays", 
            "NestedArrayFunctionCallDecoder", 
            "ZeroFunctionSelector", 
            "DelegateCallReturnValue"
        ], 
        "released": "2017-07-31"
    }, 
    "0.4.15": {
        "bugs": [
            "ExpExponentCleanup", 
            "PublicLibFunctionsDoNotReturnNestedArrays", 
            "NestedArrayFunctionCallDecoder", 
            "ZeroFunctionSelector"
        ], 
        "released": "2017-08-08"
    }, 
    "0.4.16": {
        "bugs": [
            "ExpExponentCleanup", 
            "PublicLibFunctionsDoNotReturnNestedArrays", 
            "NestedArrayFunctionCallDecoder", 
            "ZeroFunctionSelector"
        ], 
        "released": "2017-08-24"
    }, 
    "0.4.17": {
        "bugs": [
            "ExpExponentCleanup", 
            "EventStructWrongData", 
            "PublicLibFunctionsDoNotReturnNestedArrays", 
            "NestedArrayFunctionCallDecoder", 
            "ZeroFunctionSelector"
        ], 
        "released": "2017-09-21"
    }, 
    "0.4.18": {
        "bugs": [
            "ExpExponentCleanup", 
            "EventStructWrongData", 
            "PublicLibFunctionsDoNotReturnNestedArrays", 
            "NestedArrayFunctionCallDecoder"
        ], 
        "released": "2017-10-18"
    }, 
    "0.4.19": {
        "bugs": [
            "ExpExponentCleanup", 
            "EventStructWrongData", 
            "PublicLibFunctionsDoNotReturnNestedArrays", 
            "NestedArrayFunctionCallDecoder"
        ], 
        "released": "2017-11-30"
    }, 
    "0.4.2": {
        "bugs": [
            "ExpExponentCleanup", 
            "NestedArrayFunctionCallDecoder", 
            "ZeroFunctionSelector", 
            "DelegateCallReturnValue", 
            "ECRecoverMalformedInput", 
            "SkipEmptyStringLiteral", 
            "ConstantOptimizerSubtraction", 
            "IdentityPrecompileReturnIgnored", 
            "HighOrderByteCleanStorage", 
            "OptimizerStaleKnowledgeAboutSHA3"
        ], 
        "released": "2016-09-17"
    }, 
    "0.4.20": {
        "bugs": [
            "ExpExponentCleanup", 
            "EventStructWrongData", 
            "PublicLibFunctionsDoNotReturnNestedArrays", 
            "NestedArrayFunctionCallDecoder"
        ], 
        "released": "2018-02-14"
    }, 
    "0.4.21": {
        "bugs": [
            "ExpExponentCleanup", 
            "EventStructWrongData", 
            "PublicLibFunctionsDoNotReturnNestedArrays", 
            "NestedArrayFunctionCallDecoder"
        ], 
        "released": "2018-03-07"
    }, 
    "0.4.22": {
        "bugs": [
            "ExpExponentCleanup", 
            "EventStructWrongData", 
            "OneOfTwoConstructorsSkipped"
        ], 
        "released": "2018-04-16"
    }, 
    "0.4.23": {
        "bugs": [
            "ExpExponentCleanup", 
            "EventStructWrongData"
        ], 
        "released": "2018-04-19"
    }, 
    "0.4.24": {
        "bugs": [
            "ExpExponentCleanup", 
            "EventStructWrongData"
        ], 
        "released": "2018-05-16"
    }, 
    "0.4.25": {
        "bugs": [], 
        "released": "2018-09-12"
    }, 
    "0.4.26": {
        "bugs": [], 
        "released": "2019-04-29"
    }, 
    "0.4.3": {
        "bugs": [
            "ExpExponentCleanup", 
            "NestedArrayFunctionCallDecoder", 
            "ZeroFunctionSelector", 
            "DelegateCallReturnValue", 
            "ECRecoverMalformedInput", 
            "SkipEmptyStringLiteral", 
            "ConstantOptimizerSubtraction", 
            "IdentityPrecompileReturnIgnored", 
            "HighOrderByteCleanStorage"
        ], 
        "released": "2016-10-25"
    }, 
    "0.4.4": {
        "bugs": [
            "ExpExponentCleanup", 
            "NestedArrayFunctionCallDecoder", 
            "ZeroFunctionSelector", 
            "DelegateCallReturnValue", 
            "ECRecoverMalformedInput", 
            "SkipEmptyStringLiteral", 
            "ConstantOptimizerSubtraction", 
            "IdentityPrecompileReturnIgnored"
        ], 
        "released": "2016-10-31"
    }, 
    "0.4.5": {
        "bugs": [
            "ExpExponentCleanup", 
            "NestedArrayFunctionCallDecoder", 
            "ZeroFunctionSelector", 
            "DelegateCallReturnValue", 
            "ECRecoverMalformedInput", 
            "SkipEmptyStringLiteral", 
            "ConstantOptimizerSubtraction", 
            "IdentityPrecompileReturnIgnored", 
            "OptimizerStateKnowledgeNotResetForJumpdest"
        ], 
        "released": "2016-11-21"
    }, 
    "0.4.6": {
        "bugs": [
            "ExpExponentCleanup", 
            "NestedArrayFunctionCallDecoder", 
            "ZeroFunctionSelector", 
            "DelegateCallReturnValue", 
            "ECRecoverMalformedInput", 
            "SkipEmptyStringLiteral", 
            "ConstantOptimizerSubtraction", 
            "IdentityPrecompileReturnIgnored"
        ], 
        "released": "2016-11-22"
    }, 
    "0.4.7": {
        "bugs": [
            "ExpExponentCleanup", 
            "NestedArrayFunctionCallDecoder", 
            "ZeroFunctionSelector", 
            "DelegateCallReturnValue", 
            "ECRecoverMalformedInput", 
            "SkipEmptyStringLiteral", 
            "ConstantOptimizerSubtraction"
        ], 
        "released": "2016-12-15"
    }, 
    "0.4.8": {
        "bugs": [
            "ExpExponentCleanup", 
            "NestedArrayFunctionCallDecoder", 
            "ZeroFunctionSelector", 
            "DelegateCallReturnValue", 
            "ECRecoverMalformedInput", 
            "SkipEmptyStringLiteral", 
            "ConstantOptimizerSubtraction"
        ], 
        "released": "2017-01-13"
    }, 
    "0.4.9": {
        "bugs": [
            "ExpExponentCleanup", 
            "NestedArrayFunctionCallDecoder", 
            "ZeroFunctionSelector", 
            "DelegateCallReturnValue", 
            "ECRecoverMalformedInput", 
            "SkipEmptyStringLiteral", 
            "ConstantOptimizerSubtraction"
        ], 
        "released": "2017-01-31"
    }
}